Country,City,Time,Weather,Continent
Algeria,Algiers,Tue 5:54 am,83 °F,Africa
Angola,Luanda,Tue 5:54 am,68 °F,Africa
Benin,Porto Novo,Tue 5:54 am,77 °F,Africa
Botswana,Gaborone,Tue 6:54 am,50 °F,Africa
Burundi,Bujumbura,Tue 6:54 am,72 °F,Africa
Burundi,Gitega,Tue 6:54 am,72 °F,Africa
Cabo Verde,Praia,Tue 3:54 am,82 °F,Africa
Cameroon,Yaoundé,Tue 5:54 am,72 °F,Africa
Central African Republic,Bangui,Tue 5:54 am,72 °F,Africa
Chad,N'Djamena,Tue 5:54 am,75 °F,Africa
Comoros,Moroni,Tue 7:54 am,72 °F,Africa
Congo,Brazzaville,Tue 5:54 am,72 °F,Africa
Congo Dem. Rep.,Kinshasa,Tue 5:54 am,72 °F,Africa
Cote d'Ivoire (Ivory Coast),Abidjan,Tue 4:54 am,75 °F,Africa
Egypt,Cairo,Tue 7:54 am,79 °F,Africa
Equatorial Guinea,Malabo,Tue 5:54 am,79 °F,Africa
Eswatini,Mbabane,Tue 6:54 am,73 °F,Africa
Ethiopia,Addis Ababa,Tue 7:55 am,59 °F,Africa
Gabon,Libreville,Tue 5:55 am,75 °F,Africa
Gambia,Banjul,Tue 4:55 am,79 °F,Africa
Ghana,Accra,Tue 4:55 am,75 °F,Africa
Guinea,Conakry,Tue 4:55 am,79 °F,Africa
Guinea-Bissau,Bissau,Tue 4:55 am,81 °F,Africa
Kenya,Nairobi,Tue 7:55 am,59 °F,Africa
Liberia,Monrovia,Tue 4:55 am,75 °F,Africa
Madagascar,Antananarivo,Tue 7:55 am,57 °F,Africa
Malawi,Lilongwe,Tue 6:55 am,54 °F,Africa
Mali,Bamako,Tue 4:55 am,79 °F,Africa
Mauritius,Port Louis,Tue 8:55 am,65 °F,Africa
Morocco,Casablanca,Tue 5:55 am,72 °F,Africa
Morocco,Rabat,Tue 5:55 am,63 °F,Africa
Namibia,Windhoek,Tue 6:55 am,60 °F,Africa
Niger,Niamey,Tue 5:55 am,75 °F,Africa
Réunion (French),Saint-Denis,Tue 8:55 am,75 °F,Africa
Rwanda,Kigali,Tue 6:55 am,68 °F,Africa
Sao Tome and Principe,São Tomé,Tue 4:55 am,81 °F,Africa
Senegal,Dakar,Tue 4:55 am,82 °F,Africa
Seychelles,Victoria,Tue 8:55 am,81 °F,Africa
South Africa,Cape Town,Tue 6:55 am,54 °F,Africa
South Africa,Johannesburg,Tue 6:55 am,56 °F,Africa
South Africa,Pretoria,Tue 6:55 am,46 °F,Africa
Tanzania,Dar es Salaam,Tue 7:55 am,70 °F,Africa
Tanzania,Dodoma,Tue 7:55 am,63 °F,Africa
Togo,Lomé,Tue 4:55 am,77 °F,Africa
Tunisia,Tunis,Tue 5:55 am,84 °F,Africa
Uganda,Kampala,Tue 7:55 am,70 °F,Africa
Western Sahara,El Aaiún,Tue 5:55 am,72 °F,Africa
Zimbabwe,Harare,Tue 6:55 am,48 °F,Africa
Albania,Tirana,Tue 6:55 am,70 °F,Europe
Armenia,Yerevan,Tue 8:55 am,69 °F,Europe
Austria,"Vienna, Vienna",Tue 6:55 am,59 °F,Europe
Belarus,Minsk,Tue 7:55 am,54 °F,Europe
Belgium,"Brussels, Brussels",Tue 6:55 am,52 °F,Europe
Bosnia-Herzegovina,Sarajevo,Tue 6:55 am,57 °F,Europe
Bulgaria,Sofia,Tue 7:55 am,64 °F,Europe
Croatia,Zagreb,Tue 6:55 am,57 °F,Europe
Cyprus,Nicosia,Tue 7:55 am,77 °F,Europe
Czechia,Prague,Tue 6:55 am,55 °F,Europe
Denmark,Copenhagen,Tue 6:55 am,52 °F,Europe
Estonia,Tallinn,Tue 7:55 am,57 °F,Europe
Faroe Islands,Tórshavn,Tue 5:55 am,46 °F,Europe
Finland,Helsinki,Tue 7:55 am,52 °F,Europe
Finland,Kemi,Tue 7:55 am,45 °F,Europe
Finland,Rovaniemi,Tue 7:55 am,50 °F,Europe
France,"Paris, Paris",Tue 6:55 am,59 °F,Europe
Georgia,Tbilisi,Tue 8:55 am,74 °F,Europe
Germany,"Berlin, Berlin",Tue 6:55 am,52 °F,Europe
Germany,"Hesse, Frankfurt",Tue 6:55 am,61 °F,Europe
Gibraltar,"Gibraltar, Gibraltar",Tue 6:55 am,70 °F,Europe
Greece,Athens,Tue 7:55 am,87 °F,Europe
Hungary,Budapest,Tue 6:55 am,66 °F,Europe
Iceland,Reykjavik,Tue 4:55 am,46 °F,Europe
Ireland,Dublin,Tue 5:55 am,55 °F,Europe
Isle of Man,Douglas,Tue 5:55 am,61 °F,Europe
Italy,Milan,Tue 6:55 am,70 °F,Europe
Italy,Rome,Tue 6:55 am,79 °F,Europe
Kosovo,Pristina,Tue 6:55 am,70 °F,Europe
Latvia,Riga,Tue 7:55 am,57 °F,Europe
Liechtenstein,Vaduz,Tue 6:55 am,63 °F,Europe
Lithuania,Vilnius,Tue 7:55 am,54 °F,Europe
Luxembourg,Luxembourg,Tue 6:55 am,57 °F,Europe
Malta,Valletta,Tue 6:55 am,79 °F,Europe
Moldova,Chișinău,Tue 7:55 am,63 °F,Europe
Monaco,Monaco,Tue 6:55 am,70 °F,Europe
Montenegro,Podgorica,Tue 6:55 am,73 °F,Europe
Netherlands,Amsterdam,Tue 6:55 am,55 °F,Europe
North Macedonia,Skopje,Tue 6:55 am,66 °F,Europe
Norway,"Svalbard, Longyearbyen",Tue 6:55 am,39 °F,Europe
Norway,Oslo,Tue 6:55 am,48 °F,Europe
Norway,Tromsø,Tue 6:55 am,54 °F,Europe
Poland,Warsaw,Tue 6:55 am,46 °F,Europe
Portugal,"Azores, Ponta Delgada",Tue 4:55 am,68 °F,Europe
Portugal,"Lisbon, Lisbon",Tue 5:55 am,66 °F,Europe
Romania,Bucharest,Tue 7:55 am,66 °F,Europe
Russia,Belushya Guba,Tue 7:55 am,50 °F,Europe
Russia,Kaliningrad,Tue 6:55 am,54 °F,Europe
Russia,Moscow,Tue 7:55 am,54 °F,Europe
Russia,Murmansk,Tue 7:55 am,39 °F,Europe
Russia,Novgorod,Tue 7:55 am,56 °F,Europe
Russia,Saint Petersburg,Tue 7:55 am,55 °F,Europe
Russia,Samara,Tue 8:55 am,68 °F,Europe
Russia,Kazan,Tue 7:55 am,63 °F,Europe
Russia,Izhevsk,Tue 8:55 am,62 °F,Europe
San Marino,San Marino,Tue 6:55 am,70 °F,Europe
Serbia,Belgrade,Tue 6:55 am,61 °F,Europe
Slovakia,Bratislava,Tue 6:55 am,63 °F,Europe
Slovenia,Ljubljana,Tue 6:55 am,57 °F,Europe
Spain,"Barcelona, Barcelona",Tue 6:55 am,73 °F,Europe
Spain,"Madrid, Madrid",Tue 6:55 am,63 °F,Europe
Spain,"Majorca, Palma",Tue 6:55 am,75 °F,Europe
Sweden,Stockholm,Tue 6:55 am,52 °F,Europe
Switzerland,"Bern, Bern",Tue 6:55 am,59 °F,Europe
Switzerland,"Geneva, Geneva",Tue 6:55 am,64 °F,Europe
Switzerland,"Zurich, Zürich",Tue 6:55 am,61 °F,Europe
Turkey,Istanbul,Tue 7:55 am,75 °F,Europe
Ukraine,Dnipro,Tue 7:55 am,59 °F,Europe
Ukraine,Kyiv,Tue 7:55 am,55 °F,Europe
United Kingdom,"England, London",Tue 5:55 am,59 °F,Europe
United Kingdom,"Northern Ireland, Belfast",Tue 5:55 am,59 °F,Europe
United Kingdom,"Scotland, Edinburgh",Tue 5:55 am,46 °F,Europe
United Kingdom,"Scotland, Glasgow",Tue 5:55 am,50 °F,Europe
United Kingdom,"Wales, Cardiff",Tue 5:55 am,59 °F,Europe
Vatican City State,Vatican City,Tue 6:55 am,79 °F,Europe
Antigua and Barbuda,Saint John's,Tue 12:55 am,82 °F,North America
Bahamas,Nassau,Tue 12:55 am,81 °F,North America
Barbados,Bridgetown,Tue 12:55 am,82 °F,North America
Belize,Belmopan,Mon 10:55 pm,80 °F,North America
Bermuda,Hamilton,Tue 1:55 am,81 °F,North America
Canada,"Alberta, Calgary",Mon 10:55 pm,61 °F,North America
Canada,"Alberta, Edmonton",Mon 10:55 pm,54 °F,North America
Canada,"British Columbia, Vancouver",Mon 9:55 pm,66 °F,North America
Canada,"Manitoba, Winnipeg",Mon 11:55 pm,69 °F,North America
Canada,"New Brunswick, Saint John",Tue 1:55 am,61 °F,North America
Canada,"Newfoundland and Labrador, Happy Valley-Goose Bay",Tue 1:55 am,59 °F,North America
Canada,"Newfoundland and Labrador, Mary's Harbour",Tue 2:25 am,55 °F,North America
Canada,"Newfoundland and Labrador, St. John's",Tue 2:25 am,70 °F,North America
Canada,"Northwest Territories, Inuvik",Mon 10:55 pm,61 °F,North America
Canada,"Northwest Territories, Yellowknife",Mon 10:55 pm,55 °F,North America
Canada,"Nova Scotia, Halifax",Tue 1:55 am,68 °F,North America
Canada,"Nunavut, Baker Lake",Mon 11:55 pm,51 °F,North America
Canada,"Nunavut, Coral Harbour",Mon 11:55 pm,46 °F,North America
Canada,"Nunavut, Eureka",Mon 11:55 pm,41 °F,North America
Canada,"Nunavut, Pond Inlet",Tue 12:55 am,37 °F,North America
Canada,"Nunavut, Resolute Bay",Mon 11:55 pm,36 °F,North America
Canada,"Ontario, Ottawa",Tue 12:55 am,59 °F,North America
Canada,"Ontario, Toronto",Tue 12:55 am,63 °F,North America
Canada,"Quebec, Blanc-Sablon",Tue 12:55 am,63 °F,North America
Canada,"Quebec, Chibougamau",Tue 12:55 am,59 °F,North America
Canada,"Quebec, Kuujjuaq",Tue 12:55 am,57 °F,North America
Canada,"Quebec, Montréal",Tue 12:55 am,64 °F,North America
Canada,"Quebec, Québec",Tue 12:55 am,55 °F,North America
Canada,"Saskatchewan, Regina",Mon 10:55 pm,61 °F,North America
Canada,"Yukon, Whitehorse",Mon 9:55 pm,55 °F,North America
Cayman Islands,"Grand Cayman, George Town",Mon 11:55 pm,84 °F,North America
Costa Rica,San Jose,Mon 10:55 pm,75 °F,North America
Cuba,Havana,Tue 12:55 am,79 °F,North America
Dominica,Roseau,Tue 12:55 am,85 °F,North America
Dominican Republic,Santo Domingo,Tue 12:55 am,83 °F,North America
El Salvador,San Salvador,Mon 10:55 pm,81 °F,North America
Grenada,Saint George's,Tue 12:55 am,82 °F,North America
Guadeloupe,"Guadeloupe, Basse-Terre",Tue 12:55 am,81 °F,North America
Guam,Hagåtña,Tue 2:55 pm,87 °F,North America
Guatemala,Guatemala City,Mon 10:55 pm,68 °F,North America
Honduras,Tegucigalpa,Mon 10:55 pm,77 °F,North America
Jamaica,Kingston,Mon 11:55 pm,86 °F,North America
Martinique,Fort-de-France,Tue 12:55 am,82 °F,North America
Mexico,"Aguascalientes, Aguascalientes",Mon 10:55 pm,68 °F,North America
Mexico,"Baja California, Mexicali",Mon 9:55 pm,102 °F,North America
Mexico,"Baja California, Tijuana",Mon 9:55 pm,73 °F,North America
Mexico,"Ciudad de México, Mexico City",Mon 10:55 pm,61 °F,North America
Mexico,"Guerrero, Acapulco",Mon 10:55 pm,81 °F,North America
Mexico,"Jalisco, Guadalajara",Mon 10:55 pm,68 °F,North America
Mexico,"Quintana Roo, Cancún",Mon 11:55 pm,84 °F,North America
Mexico,"Sinaloa, Mazatlan",Mon 9:55 pm,86 °F,North America
Mexico,"Sonora, Hermosillo",Mon 9:55 pm,97 °F,North America
Mexico,"Veracruz, Veracruz",Mon 10:55 pm,79 °F,North America
Nicaragua,Managua,Mon 10:55 pm,82 °F,North America
Panama,Panama,Mon 11:55 pm,82 °F,North America
Puerto Rico,San Juan,Tue 12:55 am,82 °F,North America
Saint Kitts and Nevis,Basseterre,Tue 12:55 am,82 °F,North America
Saint Lucia,Castries,Tue 12:55 am,82 °F,North America
Saint Vincent and Grenadines,Kingstown,Tue 12:55 am,82 °F,North America
US Minor Outlying Islands,Wake Island,Tue 4:55 pm,88 °F,North America
USA,"Alabama, Montgomery",Mon 11:55 pm,78 °F,North America
USA,"Alaska, Adak",Mon 7:55 pm,52 °F,North America
USA,"Alaska, Anchorage",Mon 8:55 pm,56 °F,North America
USA,"Alaska, Fairbanks",Mon 8:55 pm,61 °F,North America
USA,"Alaska, Juneau",Mon 8:55 pm,58 °F,North America
USA,"Alaska, Unalaska",Mon 8:55 pm,66 °F,North America
USA,"Arizona, Phoenix",Mon 9:55 pm,102 °F,North America
USA,"Arkansas, Little Rock",Mon 11:55 pm,76 °F,North America
USA,"California, Los Angeles",Mon 9:55 pm,75 °F,North America
USA,"California, Sacramento",Mon 9:55 pm,75 °F,North America
USA,"California, San Diego",Mon 9:55 pm,73 °F,North America
USA,"California, San Francisco",Mon 9:55 pm,59 °F,North America
USA,"California, San Jose",Mon 9:55 pm,65 °F,North America
USA,"Colorado, Denver",Mon 10:55 pm,71 °F,North America
USA,"Connecticut, Hartford",Tue 12:55 am,68 °F,North America
USA,"Delaware, Dover",Tue 12:55 am,72 °F,North America
USA,"District of Columbia, Washington DC",Tue 12:55 am,71 °F,North America
USA,"Florida, Miami",Tue 12:55 am,83 °F,North America
USA,"Florida, Orlando",Tue 12:55 am,82 °F,North America
USA,"Florida, Pensacola",Mon 11:55 pm,75 °F,North America
USA,"Georgia, Atlanta",Tue 12:55 am,70 °F,North America
USA,"Hawaii, Honolulu",Mon 6:55 pm,84 °F,North America
USA,"Idaho, Boise",Mon 10:55 pm,78 °F,North America
USA,"Illinois, Chicago",Mon 11:55 pm,70 °F,North America
USA,"Indiana, Indianapolis",Tue 12:55 am,68 °F,North America
USA,"Iowa, Des Moines",Mon 11:55 pm,68 °F,North America
USA,"Kansas, Topeka",Mon 11:55 pm,73 °F,North America
USA,"Kentucky, Louisville",Tue 12:55 am,71 °F,North America
USA,"Louisiana, New Orleans",Mon 11:55 pm,77 °F,North America
USA,"Maine, Augusta",Tue 12:55 am,64 °F,North America
USA,"Maryland, Baltimore",Tue 12:55 am,64 °F,North America
USA,"Massachusetts, Boston",Tue 12:55 am,70 °F,North America
USA,"Michigan, Detroit",Tue 12:55 am,70 °F,North America
USA,"Minnesota, Minneapolis",Mon 11:55 pm,77 °F,North America
USA,"Minnesota, Saint Paul",Mon 11:55 pm,72 °F,North America
USA,"Mississippi, Jackson",Mon 11:55 pm,74 °F,North America
USA,"Missouri, Kansas City",Mon 11:55 pm,75 °F,North America
USA,"Missouri, St. Louis",Mon 11:55 pm,72 °F,North America
USA,"Montana, Billings",Mon 10:55 pm,69 °F,North America
USA,"Nebraska, Lincoln",Mon 11:55 pm,70 °F,North America
USA,"Nevada, Las Vegas",Mon 9:55 pm,100 °F,North America
USA,"New Hampshire, Concord",Tue 12:55 am,63 °F,North America
USA,"New Jersey, Newark",Tue 12:55 am,69 °F,North America
USA,"New Mexico, Albuquerque",Mon 10:55 pm,86 °F,North America
USA,"New York, New York",Tue 12:55 am,69 °F,North America
USA,"North Carolina, Raleigh",Tue 12:55 am,74 °F,North America
USA,"North Dakota, Bismarck",Mon 11:55 pm,73 °F,North America
USA,"Ohio, Columbus",Tue 12:55 am,64 °F,North America
USA,"Oklahoma, Oklahoma City",Mon 11:55 pm,90 °F,North America
USA,"Oregon, Portland",Mon 9:55 pm,83 °F,North America
USA,"Oregon, Salem",Mon 9:55 pm,80 °F,North America
USA,"Pennsylvania, Philadelphia",Tue 12:55 am,69 °F,North America
USA,"Rhode Island, Providence",Tue 12:55 am,68 °F,North America
USA,"South Carolina, Columbia",Tue 12:55 am,75 °F,North America
USA,"South Dakota, Rapid City",Mon 10:55 pm,68 °F,North America
USA,"South Dakota, Sioux Falls",Mon 11:55 pm,71 °F,North America
USA,"Tennessee, Knoxville",Tue 12:55 am,70 °F,North America
USA,"Tennessee, Nashville",Mon 11:55 pm,70 °F,North America
USA,"Texas, Austin",Mon 11:55 pm,89 °F,North America
USA,"Texas, Dallas",Mon 11:55 pm,96 °F,North America
USA,"Texas, Houston",Mon 11:55 pm,84 °F,North America
USA,"Texas, Midland",Mon 11:55 pm,89 °F,North America
USA,"Utah, Salt Lake City",Mon 10:55 pm,77 °F,North America
USA,"Vermont, Montpelier",Tue 12:55 am,57 °F,North America
USA,"Virginia, Richmond",Tue 12:55 am,71 °F,North America
USA,"Washington, Seattle",Mon 9:55 pm,71 °F,North America
USA,"West Virginia, Charleston",Tue 12:55 am,59 °F,North America
USA,"Wisconsin, Madison",Mon 11:55 pm,58 °F,North America
USA,"Wisconsin, Milwaukee",Mon 11:55 pm,55 °F,North America
USA,"Wyoming, Cheyenne",Mon 10:55 pm,75 °F,North America
Argentina,Buenos Aires,Tue 1:55 am,50 °F,South America
Argentina,"Córdoba, Córdoba",Tue 1:55 am,47 °F,South America
Bolivia,La Paz,Tue 12:55 am,34 °F,South America
Brazil,"Acre, Rio Branco",Mon 11:55 pm,77 °F,South America
Brazil,"Amazonas, Manaus",Tue 12:55 am,81 °F,South America
Brazil,"Bahia, Salvador",Tue 1:55 am,77 °F,South America
Brazil,"Ceará, Fortaleza",Tue 1:55 am,81 °F,South America
Brazil,"Distrito Federal, Brasilia",Tue 1:55 am,72 °F,South America
Brazil,"Pará, Belém",Tue 1:55 am,77 °F,South America
Brazil,"Pernambuco, Recife",Tue 1:55 am,77 °F,South America
Brazil,"Rio de Janeiro, Rio de Janeiro",Tue 1:55 am,68 °F,South America
Brazil,"São Paulo, São Paulo",Tue 1:55 am,57 °F,South America
Chile,Easter Island,Mon 10:55 pm,64 °F,South America
Chile,Punta Arenas,Tue 1:55 am,38 °F,South America
Chile,Santiago,Tue 12:55 am,57 °F,South America
Colombia,Bogota,Mon 11:55 pm,46 °F,South America
Ecuador,Guayaquil,Mon 11:55 pm,77 °F,South America
Ecuador,Quito,Mon 11:55 pm,48 °F,South America
Falkland Islands,Stanley,Tue 1:55 am,36 °F,South America
French Guiana,Cayenne,Tue 1:55 am,75 °F,South America
Guyana,Georgetown,Tue 12:55 am,86 °F,South America
Paraguay,Asuncion,Tue 1:55 am,54 °F,South America
Peru,"Lima, Lima",Mon 11:55 pm,70 °F,South America
Suriname,Paramaribo,Tue 1:55 am,75 °F,South America
Trinidad and Tobago,Port of Spain,Tue 12:55 am,79 °F,South America
Uruguay,Montevideo,Tue 1:55 am,41 °F,South America
Venezuela,Caracas,Tue 12:55 am,82 °F,South America
